Month,YoY Inflation (%)
2019-01,17.591868647380764
2019-02,16.65369649805448
2019-03,16.228748068006183
2019-04,15.610859728506801
2019-05,15.887156644394956
2019-06,14.81751824817519
2019-07,15.991316931982652
2019-08,14.971751412429391
2019-09,9.51430472388555
2019-10,8.78334417696812
2019-11,11.26573889993373
2019-12,11.702127659574463